"","Q1","Q2","Q3","Q4","Q5","Q6","Q7","Q8","gender"
"1",3,0,0,0,0,0,0,0,"M"
"2",2.5,0,0,0,0,0,0,0.5,"W"
"3",3,0,0,0,0,0,0.5,1,"M"
"4",2,1,0,0,0,0,0,0.5,"M"
"5",1,0.5,0,0,0,0,0,0.5,"W"
"6",3,1,1,0,0,0,1,2,"M"
"7",2,1,1,0,1,0,1.5,3,"M"
"8",0,0,0,0,0,0,0,0,"W"
"9",3,0,2,2,0,3,3,3,"M"
"10",3,1.5,1,0,0,0,2,3,"W"
"11",3,1.5,1,0,0,0,2,3,"W"
"12",0,0,0,0,0,0,0,0,"M"
"13",3,3,0,0,0,0,2,2,"M"
"14",3,0,0,0,0,0,0,3,"M"
"15",3,3,2,2,0,2,0,3,"M"
"16",0,0,0,0,0,0,0,0,"M"
"17",3,0,3,2,0,2,3,3,"M"
"18",0,0,0,0,0,0,0,0,"M"
"19",0,0,0,0,0,0,0,0,"M"
"20",0,0,0,0,0,0,0,0,"M"
"21",0,0,0,0,0,0,0,0,"M"
"22",1,1.5,0,0,0,1.5,1.5,3,"M"
"23",2.5,2,1.5,2,2,1.5,2.5,2.5,"M"
"24",2,1.5,1,0,0,1.5,1,2,"M"
"25",1.5,1,0,0,0,0,0,0.5,"M"
"26",1.5,1.5,1,0.5,0.5,0.5,1,1.5,"M"
"27",1,1,0.5,1,1,1,0,2,"M"
"28",1.5,2,2,2,2,2,2,3,"M"
"29",2,1,1,1,0.5,1,3,2,"M"
"30",2,1,2,1.5,1.5,0,1,3,"M"
"31",2,0,0,0,0,0,0,1,"W"
"32",1,0,0,0,0,0,0,1,"W"
"33",1,1.5,0,0,0,0,0,1,"W"
"34",2,1.5,1,0,0,0,1,3,"M"
"35",0,1,0,0,0,0,0,2,"M"
"36",1,0.5,0,0,0,0,0,2,"M"
"37",1,0,0,0,0,0,0,1,"W"
"38",1.5,0,0,0,0,0,0,0.5,"M"
"39",0,0.5,0,0,0,0,0,1,"M"
"40",0,0,0,0,0,0,0,1,"M"
"41",1,1.5,0,0,0,0,0,3,"M"
"42",1.5,0,0,0,0,0,0,1,"M"
"43",3,1.5,0,0,1.5,2,2,3,"M"
"44",2,1.5,3,0,2,0,3,3,"M"
"45",1.5,0,0,0,0,0,0,2,"W"
"46",1,0,0,0,1,1,1,0,"M"
"47",0,1,0,0,0,0,0,0,"M"
"48",3,3,2,3,2,2,3,3,"M"
"49",1,0,0,0,0,0,0,0,"W"
"50",1,0,0,0,0,0,0,0,"M"
"51",1,1,0,0,0,0,0,0,"M"
"52",0,1,0,0,1,0,0,0,"M"
"53",2,1,0,0,0,0,0,0,"W"
"54",2,1,0,0,0,0,0,0,"M"
"55",1,1,0,0,2,0,0,0,"M"
"56",0,0,0,0,0,0,0,0,"M"
"57",0,0,0,0,0,0,0,0,"W"
"58",1,0,0,0,0,0,0,0,"W"
"59",3,3,0,0,0,0,0,0,"M"
"60",3,3,0,0,0,0,0,1,"M"
"61",3,1,0,0,0,0,0,3,"M"
"62",2,3,0,0,0,0,0,1,"M"
"63",3,3,0,0,0,0,0,1,"M"
"64",3,2,0,0,0,0,1,2,"M"
"65",3,2,0,0,0,0,2,3,"M"
"66",3,3,0,0,0,0,1,2,"M"
"67",2,3,0,0,0,0,0,1,"W"
"68",2,3,0,0,0,0,0,2,"M"
"69",3,0,0,0,0,1.5,1.5,3,"M"
"70",1.5,0,0,0,0,1.5,0,2,"M"
"71",3,0,0,0,0,1.5,0,3,"M"
"72",1.5,0,0,0,0,1.5,0,0,"M"
"73",3,0,1.5,0,0,1.5,0,2,"W"
"74",3,0,1.5,0,0,1.5,1.5,3,"M"
"75",0,0,1.5,0,0,1.5,0,1,"M"
"76",1.5,0,1.5,0,0,1.5,0,3,"M"
"77",1.5,0,1.5,0,0,1.5,0,3,"M"
"78",0,0,1.5,0,0,1.5,0,3,"M"
"79",0,0,0,0,0,0,0,1,"W"
"80",3,2,1,0,0,0,3,3,"M"
"81",3,2,1,0,1,0,3,3,"M"
"82",3,0,0,0,0,0,0,2,"W"
"83",2,1,0,0,0,0,0,2,"M"
"84",3,0,0,0,0,0,0,1,"W"
"85",1,0,0,0,0,0,0,3,"M"
"86",1,0,0,0,0,0,0,2,"W"
"87",1,0,0,0,0,0,0,2,"M"
"88",2,0,0,0,0,0,0,2,"M"
"89",2,1,1,0,0,0,1,3,"M"
"90",0,3,0,0,0,0,0,0,"W"
"91",0,3,0,0,0,0,0,1,"M"
"92",3,2.5,0.5,0,0,0,0,2,"W"
"93",2,2,0.5,0,0,0,0,3,"M"
"94",0,3,0,0,0,0,0,0,"W"
"95",0,3,0,0,0,0,0,0,"M"
"96",0,0,1,0,0,0,0,0,"M"
"97",0,0,0,0,1,0,0,0,"M"
"98",0,0,0,0,0,0,0,0,"M"
"99",0,0,0,0,0,0,0,0,"W"
"100",0,0,0,0,0,0,0,0,"M"
"101",0,0,0,0,0,0,0,0,"M"
"102",0,0,0,0,0,0,0,0,"M"
"103",0,0,0,0,0,0,0,0,"M"
"104",0,0,0,0,0,0,0,0,"M"
"105",3,3,0,0,0,0,1.5,3,"M"
"106",0,0,0,0,0,0,0,0,"M"
"107",0,0,0,0,0,0,0,0,"W"
"108",1.5,0,0,0,0,0,0,2,"M"
"109",0,0,0,0,0,0,0,0,"M"
"110",1.5,0,0,0,0,0,0,1,"M"
"111",0,0,0,0,0,0,0,0,"M"
"112",0,0,0,0,0,0,0,0,"M"
"113",1.5,0,0,0,0,0,0,1,"M"
"114",0,0,0,0,0,0,0,1,"M"
"115",0,0,0,0,0,0,0,0,"M"
"116",3,0,0,0,0,0,0,3,"M"
"117",0,0,0,0,0,0,0,0,"M"
"118",0,0,0,0,0,0,0,1,"M"
"119",0,0,0,0,0,0,0,2,"M"
"120",0,0,0,0,0,0,0,2,"M"
"121",2,0,0,0,0,0,0,3,"M"
"122",0,0,0,0,0,0,0,0,"M"
"123",0,0,0,0,0,0,0,0,"W"
"124",0,0,0,0,0,0,0,0,"M"
"125",0,0,0,0,0,0,0,0,"M"
"126",0,0,0,0,0,0,0,0,"M"
"127",0,0,0,0,0,0,0,0,"M"
"128",0,0,0,0,0,0,0,2,"W"
"129",1,0,0,0,0,0,0,2,"M"
"130",0,0,0,0,0,0,0,0,"M"
"131",0,0,0,0,0,0,0,0,"M"
"132",0,0,0,0,0,0,0,0,"M"
"133",0,0,0,0,0,0,0,0,"W"
"134",0,0,0,0,0,0,0,2,"M"
"135",3,2,0,1.5,2,3,1.5,2,"M"
"136",2,1,0,1,1.5,0,0.5,2.5,"M"
"137",1.5,0.5,0.5,0,0,0,0.5,1,"M"
"138",2,1.5,0,0,0,0,0.5,1,"M"
"139",1,0.5,0,0,0,0,0.5,1,"M"
"140",0.5,0,0,0,0,0,0,0.5,"M"
"141",0,0,0,0,0,0,0,0,"W"
"142",1.5,0,0,0,0,0,0,1.5,"M"
"143",0,0,0,0,0,0,0,0,"W"
"144",1.5,1,0,0,0.5,0,0.5,2,"M"
"145",2,2,0,0,1,0,0.5,1.5,"M"
"146",1.5,1.5,0,0,0.5,0,0,1.5,"M"
"147",0,0.5,0,0,0,0,0,0.5,"W"
"148",1,0.5,0,0,0,0,0,0.5,"M"
"149",2.5,1.5,0,0,0.5,0,0.5,1.5,"M"
"150",0,1,0,0,1.5,0,0,1,"M"
"151",0,0.5,0,0,1,0.5,0,0.5,"W"
"152",0,0,0,0,0,0,0,0,"W"
"153",0,0,0,0,0,0,0,0,"M"
"154",1.5,1,0.5,0,0.5,0,0.5,1,"M"
"155",3,1.5,0,0,0,0,0,1.5,"W"
"156",1.5,0,0,0,0,0,0,0,"W"
"157",2.5,0,0,0,0,1.5,0,0,"W"
"158",3,0,1.5,0,0,0,3,3,"M"
"159",3,1.5,1.5,0,0,0,0,1.5,"W"
"160",3,3,3,1.5,1.5,3,3,3,"M"
"161",3,3,3,0,3,1.5,3,3,"M"
"162",3,0,0,0,0,0,0,1.5,"W"
"163",3,0,0,1.5,0,0,1.5,1.5,"W"
"164",3,0,1.5,0,0,0,3,1.5,"M"
"165",1.5,0,0,0,0,0,0,1.5,"M"
"166",0,0,0,0,0,0,0,0,"W"
"167",1.5,0,0,0,0,0,0,1.5,"M"
"168",3,0,1.5,0,0,0,0,1.5,"M"
"169",3,0,1.5,0,0,0,1.5,1.5,"M"
"170",0,0,0,0,0,0,0,1.5,"W"
"171",0,0,0,0,0,0,0,1.5,"W"
"172",0,0,0,0,0,0,0,1.5,"W"
"173",2,1,1.5,1.5,0,0,0,0,"M"
"174",2,2,0.5,1.5,2,0,0,0,"M"
"175",1,1.5,0.5,1.5,1.5,0,0,0.5,"M"
"176",1.5,1.5,0.5,0.5,1.5,0,0,1,"M"
"177",1,0.5,0.5,1,0,0,1.5,0.5,"W"
"178",2.5,2,1,0.5,0,0,0,1.5,"M"
"179",2,2.5,0.5,1.5,0.5,0,0,2,"M"
"180",2.5,3,2,0.5,1.5,0,2,3,"M"
"181",1.5,2,1.5,1,0.5,0,2.5,0,"M"
"182",1,0.5,0.5,0,1.5,0,0.5,0,"M"
"183",0,2,1.5,1,2,1,1,0.5,"W"
"184",2.5,0,0,0,0,0,0,1,"M"
"185",3,1,0.5,1,1,0,2,2,"M"
"186",2.5,0,0,0,0,0,0,0.5,"M"
"187",1,0,0,0,0,0,0,0.5,"M"
"188",0.5,0,0,0,0,0,0,0,"M"
"189",3,3,2.5,0.5,0.5,0,3,3,"M"
"190",2,0.5,0,0,0,0,0,1.5,"M"
"191",1,0,0,0,0,0,0,0.5,"M"
"192",0.5,0,0,0,0,0,0,0.5,"W"
"193",3,1,1,0.5,1.5,0,1,1.5,"M"
"194",1.5,1,1,0.5,1.5,0,1,1.5,"M"
"195",2,0.5,0,0,0,0,0,1,"M"
"196",2.5,1.5,0.5,0,0,0,0,1.5,"M"
"197",1.5,0,0,0,0,0,0,0.5,"M"
"198",2,0.5,0.5,0.5,0.5,0,0.5,1,"M"
"199",0.5,0,0,0,0,0,0,0.5,"M"
"200",0.5,0,0,0,0,0,0,0.5,"M"
"201",2,2,1,2,2,0,2,2,"M"
"202",3,0,0,0,0,0,0,0.5,"M"
"203",3,0,0,0,0,0,0,0.5,"M"
"204",3,2,0,0,0,1.5,2,2,"M"
"205",3,2,0,0,0,0,0,1.5,"M"
"206",2.5,0,0,0,0,0,0,0.5,"M"
"207",2.5,0,1.5,0,0,0,1.5,0.5,"M"
"208",3,1.5,2,0,0,0,1.5,1,"M"
"209",2.5,1,1.5,0,0,0,1.5,0.5,"M"
"210",2,1.5,1.5,0,0,0,1.5,0.5,"M"
"211",1,1.5,1.5,0,0,0,1.5,0.5,"M"
"212",2,0,0,0,0,0,0,0,"W"
"213",1.5,0,0,0,0,0,0,0,"W"
"214",1,0,1.5,0,0,0,0,0,"W"
"215",1,0,1.5,0,0,0,0,0,"W"
"216",3,0,0,0,0,0,1,0,"M"
"217",1,0,0,0,0,0,0,0,"M"
"218",1,0,0,0,0,0,0,0,"M"
"219",0,0,0,0,0,0,0,0,"M"
"220",3,3,1.5,3,3,0,3,3,"M"
"221",2.5,3,1.5,2.5,3,0.5,0.5,3,"M"
"222",3,1,1.5,1,0.5,0,1.5,1.5,"M"
"223",2,2.5,2,3,2.5,2,2.5,2.5,"M"
"224",1.5,1,0.5,0.5,0.5,0,0,0.5,"M"
"225",0,0,0,0,0,0,0,0,"M"
"226",2,0.5,0,0,0,0,0.5,1,"M"
"227",1.5,1.5,0.5,1,0.5,0,1,0.5,"M"
"228",2,2.5,2,2,2,1.5,1,1.5,"M"
"229",0.5,0,0,0,0,0,0,0.5,"M"
"230",1.5,2,1,1.5,2.5,0.5,1.5,1,"W"
"231",2,1,1,2,0,0.5,0,0.5,"M"
"232",0,0,0,0,0,0,0,0.5,"M"
"233",2,0,1,0,0,0,0.5,1,"M"
"234",0,0,0,0,0,0,0,0,"M"
"235",0.5,0,0,0,0,1,0.5,0.5,"M"
"236",3,1,1,0.5,0.5,1,0,1,"M"
"237",3,0,0,0,3,0,0,0,"W"
"238",0,0,0,0,3,0,0,1.5,"M"
"239",0,0,0,0,0,0,1.5,1.5,"M"
"240",0,0,0,0,3,0,0,0,"M"
"241",3,0,0,0,3,0,0,0,"M"
"242",1.5,0,0,0,0,0,1.5,1.5,"M"
"243",1.5,0,0,0,0,0,0,0,"W"
"244",3,0,0,0,0,0,0,1.5,"M"
"245",0,0,0,0,0,0,0,1.5,"M"
"246",0,0,0,0,0,1.5,0,0,"W"
"247",3,0,0,0,0,3,3,3,"M"
"248",3,0,0,0,0,3,3,1.5,"M"
"249",2,1,0,0,0,0,0.5,0.5,"M"
"250",1,0,0,0,0,0,0,0.5,"M"
"251",2,0.5,0,0,0,0,0,1.5,"M"
"252",2.5,0.5,0,0,1,0,1,1.5,"M"
"253",0,0,0,0,0,0,0,0,"W"
"254",3,2.5,0,0.5,1,0,1,2.5,"M"
"255",3,3,1,1,2,0,2.5,3,"M"
"256",2.5,1,0,1,0,0,2.5,1,"M"
"257",2,0,0,1,0,0,2.5,1,"M"
"258",3,1,0,1.5,0,0,2,1.5,"M"
"259",2,0,0,0,0,0,1,1,"M"
"260",2,0,0,0,0,0,3,3,"M"
"261",2.5,1.5,0,1.5,0,0,3,1.5,"M"
"262",2,2,0,1.5,0,0,2,1.5,"M"
"263",2,2,0,0,0,0,1,1.5,"M"
"264",2,0,0,0,0,0,0,1,"W"
"265",1,0,0,0,0,0,0,0,"W"
"266",2,0.5,0,0,0,0,0.5,1.5,"M"
"267",1.5,0,0,0,0,0,0.5,1.5,"M"
"268",2.5,0.5,0,0,0,0,0.5,1.5,"M"
"269",2,0,0,0,0,0,2.5,1.5,"M"
"270",2,1,0,0,0,0,0.5,1.5,"M"
"271",0,0,0,0,0,0,0,0,"W"
"272",0.5,0,0,0,0,0,0,1,"M"
"273",1,0,0,0,0,0,0.5,1.5,"M"
"274",2.5,0,0,0,0,0,0,1,"M"
"275",0.5,0,0,0,0,0,0,0.5,"W"
"276",3,0,0,0,0,0,0,0.5,"M"
"277",2,0,0,0,0,0,0,0.5,"M"
"278",2,1,0,0,0,0,0,0.5,"M"
"279",2,0,0,0,0,0,0,0,"M"
"280",0,0,0,0,0,0,0,0.5,"M"
"281",1,0,0,0,0,0,0,0.5,"M"
"282",2,0.5,0,0,0,0,1,1.5,"M"
"283",2,0.5,0,0,0,0,0,1.5,"M"
"284",3,3,3,2,2,0,0,2,"M"
"285",3,0,0,0,0,0,0,0,"M"
"286",3,1,0,0,0,0,0,1,"M"
"287",2,0,0,0,0,0,0,2,"M"
"288",2,0,0,0,0,0,0,0,"M"
"289",2,0,0,0,0,0,1,2,"M"
"290",2,1,0,1,0,0,0,0,"M"
"291",2,1,1,1,0,1,1,1,"M"
"292",0,1,0,0,0,1,0,0,"M"
"293",1,0,0,1,0,0,0,0,"M"
"294",1,2,3,1.5,0,3,3,0,"W"
"295",2,3,0,0,0,1,2,0,"W"
"296",3,3,3,1.5,2,0,1,0,"W"
"297",1,2,3,3,0,1.5,2,1,"W"
"298",0,0,0,3,2,3,1,0,"M"
"299",0,0,0,0,0,1,2,1.5,"W"
"300",0,1,3,1.5,3,2,1.5,1.5,"M"
"301",3,2,3,1.5,3,2,1.5,0,"W"
"302",2,3,1.5,3,0,0,1.5,3,"M"
"303",1.5,1,1.5,0,0,1.5,1.5,2,"M"
"304",0,0,0,0,0,0,0,1,"M"
"305",0,1,0,0,0,0,1.5,0,"M"
"306",3,0,0,0,0,1,0,1,"M"
"307",3,1,0,0,0,0,1,1,"M"
"308",2,1,0,0,0,0,0,2,"M"
"309",3,0,0,0,0,0,3,2,"M"
"310",3,3,0,0,0,0,0,1,"M"
"311",0,0,0,0,0,0,0,0,"M"
"312",3,3,3,3,3,3,3,3,"M"
"313",0,0,0,0,0,0,0,0,"W"
"314",0,1,0,1,2,2,0,1,"M"
"315",2,1,3,2,1,1,3,0,"M"
"316",1,1,1,0,2,1,0,1,"M"
"317",3,1,3,2,0,3,0,3,"M"
"318",3,3,2,3,1,2,3,1,"M"
"319",3,1,2,1,2,1,0,1,"M"
"320",3,2,3,0,1,2,3,2,"M"
"321",3,0,0,0,0,0,0,1,"M"
"322",0,0,0,0,0,0,0,0,"W"
"323",0.5,0,0,0,0,0,0,0.5,"M"
"324",0,0,0,0,0,0,0,0,"W"
"325",1.5,1.5,2,1.5,2,0,1.5,1.5,"M"
"326",0,0,0,0,0,0,0,0,"W"
"327",0,0,0,0,0,0,0,0,"M"
"328",0,0,0,0,0,0,0,0,"M"
"329",0,0,0,0,0,0,0,0,"W"
"330",2.5,1.5,3,1,0,0,2.5,2,"M"
"331",2.5,0.5,0,0,0,0,2,2,"M"
"332",1.5,0,0,0,0,0,1.5,1.5,"W"
"333",2.5,2,0,0,0,0,0,1,"M"
"334",1,2.5,0,1,0,0,2,2,"M"
"335",0,1.5,0,0,0,0,0,1,"W"
"336",1.5,0.5,0,0,0,0,1.5,1.5,"M"
"337",1.5,0,0,0,0,0,1.5,1.5,"M"
"338",1,0,0,0,0,0,0,0.5,"W"
"339",0,0.5,0,0,0,0,0,0,"W"
"340",0,1.5,0,0,0,0,1.5,1.5,"M"
"341",1.5,1.5,0,0,0,0,1.5,1.5,"M"
"342",0,1.5,0,0,0,0,1.5,1.5,"M"
"343",3,0.5,0,0,0,0,0,0,"W"
"344",3,1.5,1,1.5,0,0,1.5,2,"M"
"345",3,2,1.5,1.5,0,0,1.5,2,"M"
"346",3,0.5,0,0,0,0,1.5,0,"W"
"347",1.5,1.5,0,0,0,0,0,1.5,"M"
"348",1.5,1,0,1,1.5,0,0,1.5,"M"
"349",2,1.5,0.5,0,1,0,1,1,"M"
"350",1,1,0,0,1,0,0,1,"M"
"351",0.5,2,1.5,2,2,0,2,2,"M"
"352",1.5,1,0,0,0,0,0,1,"M"
"353",0.5,1.5,0,0,1,0,0,1,"M"
"354",0,1,0,0,0,0,0,0,"M"
"355",0,1.5,0,0,0,0,0,1,"M"
"356",2,0,0,1,0,0,0.5,1,"M"
"357",3,1.5,0,1,1,2,1.5,1.5,"M"
"358",3,2,0,0,1.5,2,1.5,1,"M"
"359",2.5,2.5,0,1,2,1.5,2,1,"M"
"360",1,0,0,0,0,0,1,0,"M"
"361",3,2,0,2.5,1.5,2.5,2,2,"M"
"362",2,0,0,0,0,0,2.5,0,"M"
"363",1,0,0,0,0,0,2,0,"M"
"364",1,0.5,0,2,1,2,2.5,1,"M"
"365",0,0,0,0,0,0,0,0,"W"
"366",0.5,0,0,0,0,0,0,0,"M"
"367",2,1,0,0,1,1,1,1,"M"
"368",2,1,0,0,1,1.5,2.5,1.5,"M"
"369",2,1,0,0,0.5,1.5,2,1.5,"M"
"370",0.5,1,0,0,1.5,1,2,2,"M"
"371",0.5,0,0,0,0,1,1.5,0,"M"
"372",1.5,0,0,0,0,1,1.5,0,"M"
"373",2,0,0,0,0,0,2,0,"M"
"374",3,2,3,0,3,1,2.5,3,"M"
"375",1,0,0,0,0,0,0,0,"W"
"376",1,0,0,0,0,0,0,0,"W"
"377",3,3,3,2,3,0,2,3,"M"
"378",3,2,2,1,1,1,2,2,"M"
"379",0,0,0,0,0,0,0,0,"M"
"380",1,0,0,0,0,1,0,0,"W"
"381",1,1,0,1,1,0,1,1,"M"
"382",1,0,0,0,0,0,1,0,"M"
"383",3,2,2,1,2,0,2,2,"M"
"384",3,1,1,1,1,0,2,1,"M"
"385",3,2,1,2,2,0,1,2,"M"
"386",3,1,0,0,0,0,0,1,"M"
"387",1,0,0,0,0,0,0,0,"W"
"388",0,0,0,0,0,0,0,0,"W"
"389",1,0,0,0,0,1,0,0,"W"
"390",2.5,1.5,2.5,0,0,0,0,1.5,"M"
"391",3,2.5,1.5,0,0,0,0,1.5,"M"
"392",0,1.5,1.5,0,0,0,0,0,"M"
"393",1.5,2.5,1.5,0,0,0,0,2.5,"M"
"394",2,1.5,1.5,0,0,0,0,2,"M"
"395",0,1,1.5,0,0,0,0,0,"M"
"396",0,1.5,1.5,0,0,0,0,0,"M"
"397",3,3,1.5,0,3,0,2,3,"M"
"398",2.5,0.5,1.5,0,1.5,0,0,1.5,"W"
"399",2.5,1,1.5,0,1.5,0,0,1.5,"M"
"400",3,3,0,0,3,0,2,3,"M"
"401",3,2,0,0,2,0,2,3,"M"
"402",3,2.5,0,0,3,0,2,3,"M"
"403",1.5,1.5,1.5,0,0,0,0,1,"W"
"404",0,1.5,1.5,0,0,0,0,0,"W"
"405",0,1.5,1.5,0,0,0,0,0,"M"
"406",0,1.5,1.5,0,0,0,0,0,"W"
"407",3,0,1.5,0,0,0,1.5,3,"M"
"408",0.5,0,1.5,0,0,0,1.5,1,"M"
"409",3,0,1.5,0,1,0,3,3,"M"
"410",0.5,0,1.5,0,0,0,1.5,1,"M"
"411",1.5,0,1.5,0,0,0,1.5,1.5,"M"
"412",1.5,0,1.5,0,0,0,1.5,1.5,"M"
"413",1.5,0,1.5,0,0,0,1.5,1.5,"M"
"414",1.5,0,1.5,0,0,0,1.5,2,"M"
"415",2.5,0,1.5,0,0,0,1.5,1,"M"
"416",0,0,1.5,0,0,0,0,0,"W"
"417",0,0,1.5,0,0,0,0,0,"W"
"418",0,0,1.5,0,0,0,0,0,"W"
"419",0,0,1.5,0,0,0,1.5,0,"W"
"420",2.5,0,1.5,0,0,0,1.5,1.5,"M"
"421",2,0,1.5,0,0,0,1.5,1.5,"M"
"422",1.5,0,1.5,0,0,0,1.5,1.5,"M"
"423",3,0,0,0.5,0.5,0,1.5,0.5,"M"
"424",3,0,0,0,0.5,0,0,0,"M"
"425",3,3,1.5,2,2.5,1,3,3,"M"
"426",0,0,0,0,0,0,0,0,"M"
"427",1.5,1.5,1.5,0,1,0,3,2,"M"
"428",3,3,0,1,1.5,0,2.5,2,"M"
"429",3,3,1.5,1,2.5,0,2,3,"M"
"430",3,3,3,1,2,0,0,1.5,"M"
"431",3,3,3,2,2,0,1.5,2,"M"
"432",1.5,0,0,0,0,0,0,0,"M"
"433",0,1.5,1,1,0,0,1.5,2,"M"
"434",0,0,0,0,0,0,0,0,"M"
"435",0,0,0,0,0,0,0,0,"W"
"436",0,0,0,0,0,0,0,0,"W"
"437",0,0,0,0,0,0,0,0,"W"
"438",0,0,0,0,0,0,0,0,"W"
"439",0,0,0,0,0,0,0,0,"W"
"440",0,0,0,0,0,0,0,0,"W"
"441",3,3,2,2,3,0,0,3,"M"
"442",1.5,1.5,1,1,0,0,1.5,1.5,"M"
"443",2.5,1.5,2,1.5,2,1.5,2.5,2.5,"M"
"444",2.5,2,1.5,1.5,2,1.5,1.5,2.5,"M"
"445",2.5,2,1,1.5,2,1.5,2,2.5,"M"
"446",2,1.5,1.5,1.5,1.5,1.5,2,1.5,"M"
"447",1.5,0.5,0.5,0,0,1.5,1.5,0.5,"M"
"448",2,3,2,2,2,1.5,1.5,3,"M"
"449",1.5,1.5,1.5,1,1.5,1.5,1.5,2.5,"M"
"450",2.5,1,1.5,1,0.5,1.5,1.5,2,"W"
"451",2,1.5,1.5,1.5,1.5,1.5,1.5,1.5,"M"
"452",1.5,0,2,0,3,1.5,0,1.5,"M"
"453",2,0,0,0,1,1.5,0,1.5,"M"
"454",3,0,0,0,0,1.5,0,0.5,"M"
"455",3,0,0,0,0,1.5,0,1,"M"
"456",0,1,3,0,0,1.5,0,0.5,"M"
"457",0,0,0,0,0,1.5,0,1.5,"M"
"458",2,1,0,0,0,1.5,0,1.5,"M"
"459",3,1,1,0,0.5,0,1,1.5,"M"
"460",1.5,2,0,0,0,0,0,0,"M"
"461",1,0,0,0,0,0,0,0,"M"
"462",2,1,0,0,0,0,0,0,"M"
"463",0,0,0,0,0,0,0,0,"M"
"464",2,3,1.5,1,2,0,1.5,3,"M"
"465",1,2,0,1,1,0,0,0,"M"
"466",1.5,2.5,0,0.5,0,0,0,0,"M"
"467",1.5,2,2,1,1,0,1,1.5,"M"
"468",0,0,0,0,0,0,0,0,"M"
"469",0,0,0,0,0,0,0,0,"M"
"470",0,0,0,0,0,0,0,0,"M"
"471",0,0,0,0,0,0,0,0,"M"
"472",1,0,0,0,0,0,0,0,"W"
"473",1,0,0,0,0,0,0,1,"W"
"474",1,1,2,0,0,0,1,1,"M"
"475",1,2,2,1,1,0,2,2,"M"
"476",3,2,2,2,1,0,2,2,"M"
"477",3,3,3,2,1,0,3,3,"M"
"478",0,0,0,0,0,0,0,0,"W"
"479",1,2,1,1,0,0,1,1,"M"
"480",0,1,0,0,0,0,0,0,"M"
"481",1,0,0,0,0,0,0,0,"W"
"482",1,1,0,0,0,0,0,0,"M"
"483",1,2,0,0,0,0,0,0,"M"
"484",1.5,0,0,0,0,0,0,0,"W"
"485",3,3,1.5,1.5,3,0,3,3,"M"
"486",2,2,0,0,0,0,1,1.5,"M"
"487",2.5,1,0,0,0,0,2,2,"W"
"488",1,0,0,0,0,0,0,0,"W"
"489",2.5,0,0,0,0,0,0,1.5,"M"
"490",2.5,0,0,0,0,0,0,1.5,"M"
"491",2.5,0,0,0,0,0,0,1.5,"M"
"492",2.5,0,0,0,0,0,0,0,"M"
"493",2,2,2,3,3,3,2,3,"M"
"494",2,2,2,2,2,2,1,1.5,"M"
"495",1.5,0,0,0,0,0,0,0,"M"
"496",2.5,1.5,1,0,0,0,2,1.5,"M"
"497",2,0,0,0,0,0,0,1,"W"
"498",2,1.5,0,0,0,0,0,1,"M"
"499",0,1.5,0,0,0,0,0,1,"M"
"500",0,1,0,0,0,0,0,0,"M"
"501",0,2,1.5,0,2,0,0,2,"M"
"502",2.5,1.5,1.5,0,2,0,2,1.5,"M"
"503",1.5,0,0,0,0,0,0,0,"W"
"504",1,1,0,0,0,0,0,0,"M"
"505",1.5,2,1,0,0,0,0,2,"M"
"506",0,0,0,0,0,0,0,0,"M"
"507",3,1.5,1,2.5,2,1,1,0.5,"W"
"508",2.5,1,1.5,2.5,2,1.5,1.5,1,"W"
"509",0,0,1,2,2,2,2,1,"W"
"510",0,0,0,0.5,0.5,2,0.5,2,"W"
"511",1,0,1,1.5,2,1.5,1.5,1,"W"
"512",1.5,0,0,1,0.5,0,0,0,"M"
"513",0,0,1,3,3,1.5,2.5,1.5,"W"
"514",2,1,1.5,2.5,3,1.5,1.5,1.5,"M"
"515",2,1.5,0,1.5,0,1.5,0,1.5,"M"
"516",0,0,0,1.5,0,0,0,1,"M"
"517",2,1.5,1.5,0,1.5,0,1.5,1.5,"M"
"518",3,1.5,2,0,0,1.5,0,1.5,"M"
"519",3,0,0,0,0,0,0,0,"W"
"520",0.5,0,0,0,1.5,1.5,0,0.5,"W"
"521",2,1,0,0,0.5,0,0.5,1,"M"
"522",2,0.5,0,0,0,0,0,1,"M"
"523",1,0.5,0,0,0,0,0,0,"M"
"524",0,0,0,0,0,0,0,0,"M"
"525",3,1.5,0.5,0.5,1.5,0,0.5,1.5,"M"
"526",3,2,1,1,1.5,1,1.5,2,"M"
"527",2.5,1,0.5,0.5,0.5,0.5,0.5,1,"W"
"528",2.5,0.5,0.5,0,0,0,0,0.5,"M"
"529",2,1.5,1,1.5,2,1,1,1.5,"M"
"530",0.5,0,0,0,0,0,0.5,0.5,"M"
"531",2,1,1,1,1,1,2,1.5,"M"
"532",2.5,2,0.5,1.5,2,1.5,2,2.5,"M"
"533",0,0,0,0,0,0,0,0,"W"
"534",2,1,0,0,0,0,0,0,"M"
"535",2,0,0,0,0,0,0,0,"M"
"536",1,0,0,0,0,0,0,0,"W"
"537",1,0,0,0,0,0,0,0,"W"
"538",3,0,0,0,0,0,0,0,"M"
"539",3,1,0,0,0,0,0,0,"M"
"540",3,2,0,1,0,1,0,1,"M"
"541",0,1,0,0,0,0,0,0,"M"
"542",0,0,0,0,0,0,0,0,"W"
"543",0,0,0,0,0,0,0,0,"W"
"544",0,0,0,0,0,0,0,0,"W"
"545",1,0,0,0,0,0,0,0,"W"
"546",0,0,0,0,0,0,0,0,"M"
"547",2.5,2,1.5,1,0,1,3,2,"M"
"548",2,1,1,1,0,1,2,2,"M"
"549",3,0,0,0,0,0,0,0,"M"
"550",1.5,3,1.5,2,2.5,1.5,0,2,"M"
"551",1,1,0,0,0,1.5,0,1,"M"
"552",2.5,1.5,1,0,0,1.5,0,1.5,"M"
"553",1,0,0,0,0,1.5,0,1,"M"
"554",3,1,0,0,0,1.5,0,2,"M"
"555",3,0,1.5,0,0,1.5,0,1,"W"
"556",1.5,0,1.5,0,0,1.5,0,1,"W"
"557",1.5,0,1.5,0,0,1.5,0,1,"W"
"558",3,0,1.5,0,0,1.5,0,0,"W"
"559",3,0,1.5,0,0,1.5,0,0,"W"
"560",3,0,1.5,0,0,1.5,0,0,"W"
"561",2.5,0,1.5,0,0,1.5,0,1.5,"M"
"562",3,0,1.5,0,0,1.5,0,1.5,"M"
"563",3,0,1.5,0,0,1.5,0,1.5,"M"
"564",3,0,1.5,0,0,1.5,0,1,"M"
"565",1.5,0,1.5,0,0,1.5,0,1.5,"M"
"566",2.5,0,1.5,0,0,1.5,0,1.5,"M"
"567",2.5,0,1.5,0,0,1.5,0,2,"M"
"568",2.5,0,1.5,0,0,1.5,0,2,"M"
"569",2.5,0,1.5,0,0,1.5,0,1.5,"M"
"570",2,0,0,0,0,0,0,1,"M"
"571",1,0,0,0,0,0,0,0.5,"M"
"572",1,0,0,0,0,0,0,0.5,"M"
"573",1,0,0,0,0.5,0,0,1,"M"
"574",1,0,0,0,0.5,0,0,1,"M"
"575",1,0,0,0,0,0,0,0.5,"M"
"576",2,2,1,0,2,0,1,1.5,"M"
"577",1,1,0,0,0,0,0,0.5,"M"
"578",2,0,0,0,0,0,0,0,"W"
"579",2,1,0,0,0,0,0,1,"M"
"580",1,0,0,0,0,0,0,0,"M"
"581",0,0,0,0,0,0,0,0,"W"
"582",3,1,0,0,0,0,0,1,"M"
"583",1,0,0,0,0,0,0,1,"M"
"584",2,1,0,0,0,0,0,2,"M"
"585",3,0.5,0,0,0,0,0,1,"M"
"586",0,0,0,0,0,0,0,0,"W"
"587",3,1,1.5,0,1.5,2,1.5,2,"M"
"588",1.5,1,0,0,1.5,0,0,1,"M"
"589",1,0,0,0,0,0,0,1,"M"
"590",0.5,0,0,0,0,0,0,1,"M"
"591",0,0,0,0,0,0,0,1,"M"
"592",3,3,2.5,3,2.5,0,2,3,"M"
"593",0,0,0,0,0,0,0,1,"M"
"594",0,0,0,0,0,0,0,0,"M"
"595",0,0,0,0,0,0,0,0,"W"
"596",0,0,0,0,0,0,0,0,"W"
"597",1.5,0,0,0,0,0,0,1,"M"
"598",2,1,1,0,0,0,0,1,"M"
"599",1,0,0,0,0,0,0,0,"M"
"600",0,0,0,0,0,0,0,0,"M"
"601",0,0,0,0,0,0,0,0,"M"
"602",0,0,0,0,0,0,0,0,"M"
"603",0,0,0,0,0,0,0,0,"M"
"604",0,0,0,0,0,0,0,0,"W"
"605",1.5,1,0,0,1,0,2,1,"M"
"606",2,3,2,3,2,0,2,3,"M"
"607",2,1,0,0,0,0,0,1,"M"
"608",0,0,0,0,0,0,0,0,"W"
"609",2,2,2,2,3,0,3,3,"M"
"610",0,0,0,0,0,0,0,0,"W"
"611",0,0,0,0,0,0,0,0,"W"
"612",0,0,0,0,1,0,0,1,"M"
"613",2,1.5,0,0,1,0,1.5,1.5,"M"
"614",3,1,0,0,1,0,0,2,"M"
"615",3,2.5,0,0,2,0,0,3,"M"
"616",0,0,0,0,0,0,0,0,"M"
"617",0,0,0,0,0,0,0,0,"M"
"618",0,0,0,0,0,0,0,0,"W"
"619",0,0,0,0,0,0,0,0,"W"
"620",0,0,0,0,0,0,0,0,"M"
"621",1,0,0,0,0,0,0,0,"M"
"622",0,0,0,0,0,0,0,0,"W"
"623",3,0,0,0,0,0,1,2,"M"
"624",2,0,0,0,0,1,2,3,"M"
"625",3,2,2,2,2,2,2,2,"M"
"626",3,3,3,3,3,3,3,3,"M"
"627",2,1,0,0,0,1,2,2,"M"
"628",0,0,0,0,0,0,0,0,"M"
"629",2.5,1.5,3,0,0,1,3,3,"M"
"630",0,0,0,0,0,0,0,0,"M"
"631",1,0,0,0,0,0,0,0,"M"
"632",2,2,1,0,1,0,2,2,"M"
"633",3,2,2,1,0,0,3,2,"M"
"634",3,1,0,0,0,0,0,0,"M"
"635",0,0,0,0,0,0,0,0,"M"
"636",2,0,0,0,0,0,0,0,"W"
"637",2,0,0,2,1,0,1,1.5,"M"
"638",2,3,2,3,3,2,3,3,"M"
"639",1,1,1,0,0,1.5,1,1.5,"M"
"640",0,1,0,0,1,2,1,2,"M"
"641",0,1,0,1,2,2,1,2,"M"
"642",1,1,0,0,1,0,0,1,"W"
"643",1,1,0,0,1,0,0,1,"W"
"644",1,1,1,0,0,0,0,1,"W"
"645",1,1,1,1,0,0,2,2,"M"
"646",2,1,1,1,1,1,0,2,"W"
"647",3,2,1,2,2,1,1,2,"W"
"648",2,2,1,3,2,2,2,3,"W"
"649",1,1,0,2,1,1,3,1.5,"W"
"650",2,2,2,2,3,2,2,3,"M"
"651",2,1,1,1,2,1,1,2,"M"
"652",2.5,0.5,0,0,1.5,0,0,1,"M"
"653",0,0,0.5,0.5,0.5,0,1,1.5,"M"
"654",3,2.5,0,2.5,2.5,0,0,0.5,"M"
"655",2.5,2,2,2,2,1.5,2,1.5,"M"
"656",2.5,0,2,3,0,3,3,2,"M"
"657",3,0.5,2.5,0,1,0.5,1.5,0.5,"M"
"658",2.5,2,1,0,2,0,0,0.5,"M"
"659",3,1.5,2,1,1,0,3,3,"M"
"660",3,2.5,2,1,3,0,0.5,3,"M"
"661",3,2,0,1.5,1.5,0,2,1.5,"M"
"662",1.5,0,1.5,1.5,0,0,1.5,0,"M"
"663",0,1.5,1.5,1.5,0.5,0,1.5,1.5,"M"
"664",0,1.5,1.5,1.5,1,0,1,1.5,"M"
"665",2,1.5,1,0.5,2.5,3,1.5,2,"M"
"666",1.5,1,0.5,0.5,2,3,2.5,2,"M"
"667",1,1,1,0,0,3,0,1.5,"M"
"668",2.5,0,0,0,0,0,0,0,"M"
"669",2.5,0,0,0,0,0,0,0,"M"
"670",0,0,0,0,1,0,0,0.5,"W"
"671",0,0,0,0,2,0,0,0.5,"W"
"672",2,0,0,0,0,0,0,0,"M"
"673",0,0,0,0,0,0,0,0.5,"M"
"674",1,0,0,0,2.5,2,2,1.5,"M"
"675",0,0,0,0,1.5,0,0,0,"W"
"676",1,0,0,0,0,0,0,0,"M"
"677",0,0,0,0,0.5,0,0,0,"W"
"678",3,0,0,0,0,0,0,0,"M"
"679",0,1.5,0.5,0,1.5,0,1.5,2,"W"
"680",2,0.5,0,0,0,0,0,0,"M"
"681",0,0,0,0,0.5,0,0,0,"M"
"682",1,0,0,0,0,0,0,0,"W"
"683",2.5,1,1,0,0,0,1,1,"M"
"684",2.5,0,0,0,0,0,0,1,"M"
"685",2,0,0,0,0,0,0,0,"M"
"686",2,1,1,1,1,0,1,1,"M"
"687",3,2.5,2,2,2,0,2,2,"M"
"688",1.5,1.5,0,0,0,0,1,0,"M"
"689",1,0,0,0,0,0,0,0,"W"
"690",2,1.5,1,0,1,0,0,1,"M"
"691",3,0,0,0,0,0,0,0,"M"
"692",3,0,0,0,0,0,0,0,"M"
"693",3,0,0,0,0,0,0,1.5,"M"
"694",1.5,0,0,0,0,0,0,0,"M"
"695",1.5,0,0,0,0,0,0,0,"W"
"696",3,1,1.5,0,0,0,2,2,"M"
"697",0,0,0,0,0,0,0,0,"M"
"698",1,0.5,0,0,0,0,0.5,1,"M"
"699",2,1.5,0,0,1,0,1,0.5,"M"
"700",0,0,0,0,0,0,0,0,"M"
"701",0.5,0,0,0,0,0,0.5,1,"M"
"702",0,0,0,0,0,0,0,0,"M"
"703",0,0,0,0,0,0,0,1,"M"
"704",0,0,0,0,0,0,0,1,"M"
"705",2,0.5,0.5,0,0,0,0,2,"M"
"706",2,0.5,0.5,0,0.5,0,0,2,"M"
"707",0,0,0,0,0,0,0,0,"W"
"708",0,0,0,0,0,0,0,0,"W"
"709",0,0,0,0,0,0,0,0,"W"
"710",0,0,0,0,0,0,0,0,"W"
"711",2,2,1.5,2,2.5,0,2.5,2,"M"
"712",2,1.5,1.5,0.5,1.5,0,1.5,1.5,"M"
"713",3,1,1.5,2,2,0,0,2,"M"
"714",2.5,2,1.5,0.5,0.5,0,1.5,2,"M"
"715",2,1,1.5,1.5,1,0,1.5,2,"M"
"716",0.5,0.5,1.5,0,0,0,1.5,0.5,"W"
"717",2,1,1.5,1.5,0,0,1.5,1.5,"M"
"718",1,0,1.5,0,0,0,1.5,0.5,"W"
"719",0.5,0.5,1.5,0,1,0,1.5,0.5,"W"
"720",1,1,1.5,0.5,0.5,0,1.5,1.5,"M"
"721",0.5,0,1.5,0,0,0,1.5,0.5,"W"
"722",1,1,1.5,0,0.5,0,1.5,0.5,"W"
"723",1,0,0,0,0,0,1,1.5,"M"
"724",3,0,0,0,1,0,1.5,1.5,"M"
"725",1,0,0,0,1,0,1.5,1.5,"M"
"726",0,0,0,0,0,0,0,1.5,"M"
"727",1,0,0,0,0,0,2.5,1.5,"M"
"728",1,0,0,0,1,0,3,1.5,"M"
"729",0,3,3,1,2,1.5,1.5,2.5,"M"
"730",0,0,0,0,0,0,0,3,"M"
"731",0,0,0,0,0,0,0.5,1.5,"M"
"732",0,0,1,0,1,0,2,1.5,"M"
"733",0,0,0,0,0,0,0,0,"W"
"734",0,0,0,0,2,0,2.5,2,"M"
"735",0,0,0,0,0,1.5,0,1.5,"W"
"736",3,0,0,0,0,0,1,1.5,"M"
"737",3,1.5,1,0,1,0,0,2,"M"
"738",3,0,0,0,0,0,1,1.5,"M"
"739",3,0,0,0,0,0,0.5,1.5,"M"
"740",1.5,1.5,0,0,0,0,0.5,1.5,"M"
"741",1.5,0,0,0,0,0,0.5,1.5,"M"
"742",3,0,0,0,1,0,0.5,1.5,"M"
"743",3,0,0,0,0,0,0,1.5,"M"
"744",0,1,0,0,1.5,0,0,0,"M"
"745",0,0,0,0,1.5,0,0,0,"M"
"746",1,0,0,0,3,0,0,1,"M"
"747",2,3,2.5,1.5,3,0,3,2.5,"M"
"748",1,0,0,0,0,0,0,0,"M"
"749",2,0,0,0,0,0,0,1,"M"
"750",0,0,0,0,0,0,0,0,"M"
"751",2,0,0,0,0,0,0,2,"M"
"752",1,0,0,0,0,0,0,1,"M"
"753",1,0,0,0,0,0,1,2,"M"
"754",0,0,0,0,0,0,0,1,"M"
"755",1.5,3,1.5,3,1.5,3,3,3,"M"
"756",3,0,3,1.5,0,1.5,3,3,"M"
"757",1.5,1.5,1.5,0,1.5,1.5,0,1.5,"M"
"758",3,3,3,3,1.5,3,1.5,3,"M"
"759",1.5,1.5,0,0,1.5,1.5,1.5,3,"M"
"760",1,2,2,2,2,1,2.5,3,"M"
"761",1.5,2,2.5,3,2,1,2,3,"M"
"762",0,0,0,0,0,0,0,0,"W"
"763",1,1.5,1,1.5,2,1,2,2,"M"
"764",2,3,2,3,3,0,2,3,"M"
"765",3,0.5,0,0,0,0,0,0,"W"
"766",3,0,0,0,0,0,0,0,"M"
"767",3,0,0,0,0,0,0,0,"M"
"768",3,0,0,0,0,0,0,0,"W"
"769",3,0,0,0,0,0,0,0,"M"
"770",3,0,0,0,0,0,0,0,"M"
"771",1.5,0,0,0,0,0,0,1,"M"
"772",2,0,0,0,0,0,0,1.5,"M"
"773",0,0,0,0,0,0,0,0,"M"
"774",2,1,0,0,0,0,0,1,"M"
"775",2,2,0,0,1,0,1.5,2,"M"
"776",0,0,0,0,0,0,0,0,"M"
"777",0,0,0,0,0,0,0,0,"W"
"778",0,0,0,0,0,0,0,0,"W"
"779",2,0,0,0,1,0,1,1,"M"
"780",2,0,0,0,0,0,1,1,"M"
"781",1,3,3,3,3,2,2,3,"M"
"782",1,1,1,1,1,2,1,2,"M"
"783",1,1,1,1,1,1,1,2,"M"
"784",1,1,1,1,1,1,1,2,"M"
"785",2,2,2,1,2,1,1,2,"M"
"786",3,3,2,2,2,1,2,3,"M"
"787",1,0,0,0,0,0,0,1,"M"
"788",2,1,0,0,0,0,1,1.5,"M"
"789",1,1,0,0,0,0,0,1,"M"
"790",1,1,1,0,1,0,1,1,"M"
"791",0,0,0,0,0,0,0,0,"W"
"792",0,0.5,0,0,1,0,0,0.5,"M"
"793",1.5,1,0.5,0,0,0,0,1,"M"
"794",1,2,1,1,1,1,0,1,"M"
"795",2,3,1,0,2,0,0,1,"M"
"796",3,1.5,0.5,0,0,0,1.5,2,"M"
"797",1,0,0,0,0,0,0,0.5,"W"
"798",3,1,0,0,0,0,0,1.5,"M"
"799",2.5,0.5,0,0.5,0,0,0,1.5,"M"
"800",2,2,1,1,1,0.5,0,2,"M"
"801",1,0,0,0,0,0,0,0.5,"W"
"802",1.5,0,0,0,0,0,0,0,"M"
"803",1.5,0,0,0,0,0,0,0,"M"
"804",3,3,1.5,0,1.5,0,1.5,2.5,"M"
"805",2,0,1.5,0,0,0,2,0,"M"
"806",1.5,0,0,0,0,0,0,0,"M"
"807",1.5,0,0,0,0,0,0,0,"M"
"808",1.5,0,0,0,0,0,0,0,"M"
"809",1,0,0,0,0,0,0,0,"W"
"810",1,0,0,0,0,0,0,0,"W"
"811",2,0,0,0,0,0,0,0,"M"
"812",3,1,1,0,0,0,0,1,"M"
"813",1,0,0,0,0,0,0,1,"M"
"814",2,3,2,2,2,1,1,3,"M"
"815",1,0,0,0,0,0,0,1,"W"
"816",1,0,0,0,0,0,0,1,"W"
"817",2,0,0,0,0,0,0,1,"W"
"818",2,0,0,0,0,0,0,2,"M"
"819",1,0,0,0,0,0,0,1,"W"
"820",2,1,0,0,1,0,0,2,"W"
"821",1,0,0,0,0,0,0,0,"M"
"822",1,0,0,0,0,0,0,0,"M"
"823",1,0,0,0,1,0,0,0,"M"
"824",1,1,0,0,0,0,1,0,"M"
"825",0,1,0,0,0,0,1,0,"M"
"826",1,1,0,0,0,1,1,0,"M"
"827",0,1,0,0,0,0,0,0,"M"
"828",0,0,0,0,0,0,0,1,"M"
"829",0,0,0,0,0,0,0,1,"M"
"830",3,0,0,0,0,0,0,1,"W"
"831",0,0,0,0,0,0,0,1,"M"
"832",0,0,0,0,0,0,0,1,"M"
"833",0,0,0,0,0,0,0,1,"M"
"834",2,0,0,0,0,0,0,1,"M"
"835",0,0,0,0,0,0,0,0,"M"
"836",1,0,0,0,0,0,0,1,"M"
"837",3,0,0,0,0,0,1,2,"M"
"838",3,1.5,1,1.5,2,0,1,2.5,"M"
"839",2,0,0,0,0,0,0,0.5,"M"
"840",2,0.5,0.5,0,0,0,0.5,2.5,"M"
"841",1.5,3,2,2,3,0,2.5,3,"M"
"842",0,0,0,0,0,0,0,0,"W"
"843",0,0,0,0,0,0,0,0,"M"
"844",1.5,0,0,0,0,0,0,0.5,"W"
"845",0,0,0,0,0,0,0,0,"M"
"846",3,0,0,0,0,0,0,1,"M"
"847",2,0,0,0,0,0,0,1.5,"M"
"848",1.5,1,0,0,1,0,0,1.5,"W"
"849",1.5,1,0,0,1,0,2,1.5,"M"
"850",2.5,3,2,3,1,0,3,3,"M"
"851",2,0,0,0,0,0,0,1,"M"
"852",1,0,0,0,0,0,0,1.5,"M"
"853",0,0,0,0,0,0,0,0,"W"
"854",0,0,0,0,0,0,0,0,"W"
"855",1,0,0,0,0,0,0,1,"M"
"856",3,1,0,0,0,0,2,1.5,"M"
"857",3,0,0,0,2,0,0,0.5,"W"
"858",3,2,1,0,1,0,2,2,"M"
"859",2,0,0,0,0,0,0,1,"M"
"860",1,0,0,0,2,0,0,0.5,"W"
"861",2,1,0,0,1,0,1,1,"M"
"862",3,0,0,0,2,0,1,1.5,"M"
"863",1,1,0,0,1,0,1,1,"M"
"864",1,0,0,0,2,0,0,1,"W"
"865",3,1.5,1.5,0,1,0,2,2.5,"M"
"866",1,1,0,0,0,0,0,1,"M"
"867",1,1,0,0,0,0,0,1,"W"
"868",2,0.5,1,0,0,1,1.5,1.5,"M"
"869",2.5,0.5,0.5,0.5,0.5,1.5,0,1,"M"
"870",1.5,2,1.5,1,1.5,1.5,1.5,1.5,"M"
"871",2,2,1.5,1,2,1.5,0.5,2,"W"
"872",2,1,1.5,1,0.5,1,0,1.5,"M"
"873",3,2,2,1.5,2,1.5,1.5,2,"M"
"874",2.5,2,2,2,1,1.5,2,2.5,"M"
"875",2,0,2,0,1,2,1,1,"M"
"876",3,2,1.5,3,1,0,3,3,"M"
"877",1,0,0,0,0,1,0,0,"M"
"878",0,0,0,0,0,0,0,0,"M"
"879",0,0,0,0,0,0,0,0,"M"
"880",3,2,1,2,3,2,3,2,"M"
"881",3,0,0,0,0,1,0,0,"M"
"882",2,2,0,1,2,2,3,3,"M"
"883",0,0,0,0,0,0,0,0,"W"
"884",2,0,0,0,0,2,1,1,"W"
"885",3,1,1,0,0,1,2,1,"W"
"886",2,1,0,0,0,0,0,1,"W"
"887",3,1.5,2,1,1.5,0,1.5,2,"M"
"888",2,1,1,0,0,0,0,1.5,"M"
"889",1,0,0,0,0,0,0,0,"W"
"890",2,1,1,1,1.5,0,1,1.5,"M"
"891",1,0,0,0,0,0,0,1.5,"W"
"892",1.5,0,0,0,1.5,0,1.5,1.5,"M"
"893",1.5,1.5,0,0,1.5,0,1.5,1.5,"M"
"894",1.5,0,0,0,0,0,0,0,"M"
"895",1.5,1.5,0,0,0,0,0,0,"M"
"896",3,3,3,0,3,1.5,3,3,"M"
"897",0,0,0,0,0,0,0,0,"W"
"898",1,0,0,0,0,0,0,1,"W"
"899",3,1,0,1,1,0,0,2,"W"
"900",3,1,1,2,1,1,1,2,"M"
"901",3,0,1,0,0,1,1,2,"M"
"902",0,0,0,0,0,1,0,0,"M"
"903",2,2,1,1,2,1,2,1,"M"
"904",2,1,0,0,0,0,0,1,"W"
"905",2,0,0,0,0,0,1,1,"M"
"906",1,0,1,0,0,1,0,1,"M"
"907",3,1,0,0,0,0,0,1.5,"M"
"908",1,1,0.5,0,0,0,0.5,1.5,"W"
"909",0.5,0.5,0,0,0,0,0,0.5,"W"
"910",2.5,1,0,0,0,0,0,1.5,"M"
"911",2.5,2,0.5,0,1.5,0,1,1.5,"M"
"912",2.5,0.5,0,0,0,0,0,0.5,"M"
"913",1,0.5,0,0,0,0,0,0,"M"
"914",2,1.5,2,3,1.5,1.5,0,1.5,"W"
"915",1,0.5,0.5,2,1,0.5,2,1,"M"
"916",1,2,0,3,2,0.5,2,1,"M"
"917",1.5,2,0.5,2,0,0.5,1,1,"M"
"918",3,3,3,3,3,3,3,3,"M"
"919",2.5,1.5,0,3,3,3,3,3,"M"
"920",1.5,0.5,0,1,0,0,1.5,1,"M"
"921",3,3,2,1,2,2,3,3,"M"
"922",3,2,0,0,0,1,1,1,"M"
"923",2,0,0,0,0,0,0,1,"W"
"924",2,0,0,0,0,0,0,0.5,"W"
"925",3,0,0,0,0,0,0,0.5,"M"
"926",1,0.5,0,1,1,1,2,2,"W"
"927",0,0,0,0,0,0,0,0,"W"
"928",3,1.5,0,0.5,0.5,1.5,0.5,2,"M"
"929",1.5,0.5,0,0,0,0,0,1,"M"
"930",1,0.5,0,0,0.5,0,0.5,0.5,"W"
"931",0,0,0,0,0,0,0,0,"W"
"932",2,0.5,0,0,0,0,0,0,"M"
"933",0,0,0,0,0,0,0,0,"W"
"934",1.5,0.5,0,0,1,0,0,0,"M"
"935",0,0,0,0,0,0,0,0,"W"
"936",2.5,1,0.5,0,0.5,1,2,1.5,"M"
"937",3,0,0,0,0.5,0,2,1.5,"M"
"938",1.5,0,0,0,0,0,0,0,"M"
"939",2.5,1,1,1,1.5,0,2,1.5,"M"
"940",3,3,3,1.5,3,3,3,3,"M"
"941",1.5,0,0.5,0,0.5,0,0,0,"M"
"942",2,1,0.5,0,0,0,0,0.5,"W"
"943",1.5,0.5,0,0,0,0,0,0.5,"W"
"944",3,2,1.5,0,3,0,3,2,"M"
"945",2.5,3,2,0,3,0,1.5,3,"M"
"946",3,2.5,0,0,1,0,0,2,"M"
"947",1.5,0.5,0,0,1.5,0,0,2,"M"
"948",1.5,0,1.5,0,0,0,2,2.5,"M"
"949",3,0,0,0,0,0,0,2,"M"
"950",3,0,0,1,0,0,0,1,"M"
"951",1.5,0,0,0,0,0,0,0,"W"
"952",2,0,0,1,0,0,1,1,"M"
"953",2,0,0,0,0,0,0,0,"W"
"954",2,0,0,0.5,0,0,0,1,"M"
"955",3,2,2,2,1,1,2,3,"M"
"956",0,0,0,0,0,0,0,0,"W"
"957",1,0,0,0,0,0,0,0,"W"
"958",3,1.5,2,2,1,1,1.5,3,"W"
"959",3,1.5,2.5,1,1,2,1,3,"M"
"960",3,1.5,1.5,2,1,2,3,2,"M"
"961",1.5,1.5,0,0,0,0,1.5,1,"M"
"962",1.5,1.5,0,0,0,0,2,2,"M"
"963",2,2,2,1.5,1.5,0,1.5,1.5,"M"
"964",1.5,0,3,0,0,0,0,0.5,"M"
"965",3,0,1.5,0,0,0,0,0,"W"
"966",2,1,1,0,0,0,1,1,"M"
"967",3,1,1,0,0,0,2,2,"M"
"968",3,0,1,0,0,0,2,2,"M"
"969",3,1,1,0,0,0,1,1,"M"
"970",3,1.5,0,0.5,0,0,0,1.5,"M"
"971",3,0,0,0,0,0,0,1,"W"
"972",3,1.5,0,0,0,0,0,1.5,"M"
"973",3,1.5,0,0,0,0,0,1.5,"M"
"974",3,1.5,0,0,0,0,0,1.5,"M"
"975",3,1.5,0,0,0,0,0,1.5,"M"
"976",1.5,0.5,0,0,0,0,0,1.5,"W"
"977",1.5,0.5,0,0,0,0,0,1.5,"W"
"978",1.5,0.5,0,0,0,0,0,1,"W"
"979",2,0,0,1.5,1,0,2,2,"M"
"980",2,3,1,3,2,1,2,3,"M"
"981",1,1,0,1,2,1,0,1.5,"M"
"982",0,1,1,2,1,1,1,1,"M"
"983",2,1,2,2,2,0,1,2,"M"
"984",3,3,2,3,3,2,3,3,"M"
"985",2,0,0,1,0,0,2,2,"M"
"986",2.5,0,0,0,0,0,0,0,"W"
"987",3,0,0,0,0,0,0,0,"M"
"988",2,0,0,0,0,0,0,1.5,"M"
"989",1.5,0,0,1,0,0,2,3,"M"
"990",2,0,0,0,0,0,2,2,"M"
"991",2.5,1,0,0,1,0,1.5,1,"M"
"992",3,0.5,0,0,0.5,0,0,0.5,"W"
"993",2.5,2,2,1.5,2,0,2,2.5,"M"
"994",0,0,0,0,1,0,0,1,"M"
"995",0,1,0,0,0,0,0,1,"M"
"996",0,1,0,0,0,0,0,1,"M"
"997",0,0,0,0,0,0,0,0,"W"
"998",0,0,0,0,0,0,0,0,"M"
"999",0,0,0,0,0,0,0,0,"W"
"1000",0,0,0,0,0,0,0,0,"M"
"1001",0,0,0,0,0,0,0,1,"M"
"1002",0,2,0,0,2,0,0,1,"M"
"1003",0,2,0,0,2,0,0,1,"M"
"1004",2,3,3,0,2,0,0,2,"W"
"1005",0,0,0,0,0,0,0,0,"W"
"1006",3,1,0,0,1,0,0,1.5,"M"
"1007",0,0,0,0,0,0,0,0,"W"
"1008",1,0,0,0,0,0,0,0,"M"
"1009",1,0,0,0,0,0,0,1,"W"
"1010",1,0,0,0,0,0,0,0.5,"W"
"1011",0,0,0,0,0,0,0,0,"W"
"1012",0,0,0,0,0,0,0,0,"W"
"1013",0,0,0,0,0,0,0,0.5,"M"
"1014",2,0,0,0,0,0,1,0.5,"M"
"1015",0,0,2,0,0,0,0,0,"W"
"1016",2,0,2,0,2,0,1,2,"M"
"1017",2,0,2,0,2,0,2,2,"M"
"1018",2,0,0,0,0,0,0,0.5,"M"
"1019",2,0,0,0,0,0,0,0.5,"W"
"1020",2,0,0,0,0,0,0,0.5,"M"
"1021",2,0,0,0,0,0,0,2,"M"
"1022",0,0,0,0,0,0,0,0,"W"
"1023",1,0,1,0,1,0,0,1,"M"
"1024",1,0,2,0,0,0,2,2,"M"
"1025",0,0,0,0,0,0,0,0,"W"
"1026",0,0,0,0,0,0,0,0.5,"M"
"1027",0,0,0,0,0,0,0,0.5,"M"
